First Name,Last Name,Email Address,Mobile Number,Gender,Birthday,Home Location,Work Location,Description,Labels,Experiences
Fred,Flintstone,fred.flintstone@gmail.com,718-123-4567,Male,1990-01-01,"123 Main Street, Brooklyn NY 11235","111 Broadway, New York NY 10001","I am a cool person
And I can use
Multiple lines here","Students
Volunteers","Class of 2010
Physics
Mexico Trip 2008"
Jane,Smith,jane.smith@yahoo.com,718-121-2121,Female,1950-01-01,"799 Side Street, New York NY 10001","111 Broadway, New York NY 10001","I am another person.
And this what I say.","Teachers
Staff","Class of 1994
Physics"
,,,,,,,,,,
,,,,,,,,,,
,,,,,,,,,,
,,,,,,,,,,
,,,,,,,,,,
,,,,,,,,,,
,,,,,,,,,,
,,,,,,,,,,
,,,,,,,,,,
,,,,,,,,,,
,,,,,,,,,,
,,,,,,,,,,
,,,,,,,,,,
,,,,,,,,,,
,,,,,,,,,,
,,,,,,,,,,
,,,,,,,,,,
,,,,,,,,,,
,,,,,,,,,,